;;;;;;;;;;;;;
;;;;;;;;;;;;;
County;City;Population;;;;;;;;;;;
Alameda;Alameda             ;73 979;;;;;;;;;;;
Alameda;Albany              ;16 327;;;;;;;;;;;
Alameda;Berkeley            ;102 724;;;;;;;;;;;
Alameda;Dublin              ;23 229;;;;;;;;;;;
Alameda;Emeryville          ;5 740;;;;;;;;;;;
Alameda;Fremont             ;173 339;;;;;;;;;;;
Alameda;Hayward             ;111 343;;;;;;;;;;;
Alameda;Livermore           ;56 741;;;;;;;;;;;
Alameda;Newark              ;37 861;;;;;;;;;;;
Alameda;Oakland             ;372 242;;;;;;;;;;;
Alameda;Piedmont            ;10 602;;;;;;;;;;;
Alameda;Pleasanton          ;50 570;;;;;;;;;;;
Alameda;San Leandro         ;68 223;;;;;;;;;;;
Alameda;Union City          ;53 762;;;;;;;;;;;
;Total (Alameda)   ;120 020;;;;;;;;;;;
;;;;;;;;;;;;;
;;;;;;;;;;;;;
Alpine;Total(Alpine);1 113;;;;;;;;;;;
;;;;;;;;;;;;;
;Amador;;;;;;;;;;;;
Amador;Amador              ;196;;;;;;;;;;;
Amador;Ione                ;6 516;;;;;;;;;;;
Amador;Jackson             ;3 545;;;;;;;;;;;
Amador;Plymouth            ;811;;;;;;;;;;;
Amador;Sutter Creek        ;1 835;;;;;;;;;;;
Amador;Total(Amador);17 136;;;;;;;;;;;
;;;;;;;;;;;;;
;;;;;;;;;;;;;
Butte;Biggs               ;1 581;;;;;;;;;;;
Butte;Chico               ;39 970;;;;;;;;;;;
Butte;Gridley             ;4 631;;;;;;;;;;;
Butte;Oroville            ;11 885;;;;;;;;;;;
Butte;Paradise            ;25 401;;;;;;;;;;;
Butte;Total(Butte);98 652;;;;;;;;;;;
;;;;;;;;;;;;;
;;;;;;;;;;;;;
Calaveras;Angels City;2 582;;;;;;;;;;;
Calaveras;Total(Calaveras);29 416;;;;;;;;;;;
;;;;;;;;;;;;;
;;;;;;;;;;;;;
Colusa;Colusa              ;4 934;;;;;;;;;;;
Colusa;Williams            ;2 297;;;;;;;;;;;
Colusa;Total(Colusa);9 044;;;;;;;;;;;
;;;;;;;;;;;;;
;;;;;;;;;;;;;
Contra Costa;Antioch             ;62 195;;;;;;;;;;;
Contra Costa;Brentwood           ;7 563;;;;;;;;;;;
Contra Costa;Clayton             ;7 317;;;;;;;;;;;
Contra Costa;Concord             ;111 308;;;;;;;;;;;
Contra Costa;Danville            ;31 306;;;;;;;;;;;
Contra Costa;El Cerrito          ;22 869;;;;;;;;;;;
Contra Costa;Hercules            ;16 829;;;;;;;;;;;
Contra Costa;Lafayette           ;23 366;;;;;;;;;;;
Contra Costa;Martinez            ;31 810;;;;;;;;;;;
Contra Costa;Moraga              ;15 987;;;;;;;;;;;
Contra Costa;Oakley;*;;;;;;;;;;;
Contra Costa;Orinda              ;16 642;;;;;;;;;;;
Contra Costa;Pinole              ;17 460;;;;;;;;;;;
Contra Costa;Pittsburg           ;47 607;;;;;;;;;;;
Contra Costa;Pleasant Hill       ;31 583;;;;;;;;;;;
Contra Costa;Richmond            ;86 019;;;;;;;;;;;
Contra Costa;San Pablo           ;25 158;;;;;;;;;;;
Contra Costa;San Ramon           ;35 303;;;;;;;;;;;
Contra Costa;Walnut Creek        ;60 569;;;;;;;;;;;
Contra Costa;Total(Contra Costa);152 841;;;;;;;;;;;
;;;;;;;;;;;;;
;;;;;;;;;;;;;
Del Norte;Crescent City       ;4 380;;;;;;;;;;;
Del Norte;Total (Del Norte);19 080;;;;;;;;;;;
;;;;;;;;;;;;;
;;;;;;;;;;;;;
El Dorado;Placerville         ;8 286;;;;;;;;;;;
El Dorado;South Lake Tahoe    ;21 586;;;;;;;;;;;
El Dorado;Total (El Dorado);96 123;;;;;;;;;;;
;;;;;;;;;;;;;
;;;;;;;;;;;;;
Fresno;Clovis              ;50 323;;;;;;;;;;;
Fresno;Coalinga            ;8 212;;;;;;;;;;;
Fresno;Firebaugh           ;4 429;;;;;;;;;;;
Fresno;Fowler              ;3 394;;;;;;;;;;;
Fresno;Fresno              ;354 091;;;;;;;;;;;
Fresno;Huron               ;4 766;;;;;;;;;;;
Fresno;Kerman              ;5 448;;;;;;;;;;;
Fresno;Kingsburg           ;7 245;;;;;;;;;;;
Fresno;Mendota             ;6 821;;;;;;;;;;;
Fresno;Orange Cove         ;5 604;;;;;;;;;;;
Fresno;Parlier             ;7 938;;;;;;;;;;;
Fresno;Reedley             ;15 791;;;;;;;;;;;
Fresno;Sanger              ;16 839;;;;;;;;;;;
Fresno;San Joaquin         ;2 311;;;;;;;;;;;
Fresno;Selma               ;14 757;;;;;;;;;;;
Fresno;Total(Fresno);159 521;;;;;;;;;;;
;;;;;;;;;;;;;
;;;;;;;;;;;;;
Glenn;Orland              ;5 052;;;;;;;;;;;
Glenn;Willows             ;5 988;;;;;;;;;;;
Glenn;Total (Glenn)    ;13 758;;;;;;;;;;;
;;;;;;;;;;;;;
;;;;;;;;;;;;;
Humboldt;Arcata              ;15 211;;;;;;;;;;;
Humboldt;Blue Lake           ;1 235;;;;;;;;;;;
Humboldt;Eureka              ;27 025;;;;;;;;;;;
Humboldt;Ferndale            ;1 331;;;;;;;;;;;
Humboldt;Fortuna             ;8 788;;;;;;;;;;;
Humboldt;Rio Dell            ;2 997;;;;;;;;;;;
Humboldt;Trinidad            ;362;;;;;;;;;;;
Humboldt;Total(Humboldt) ;62 169;;;;;;;;;;;
;;;;;;;;;;;;;
;;;;;;;;;;;;;
Imperial;Brawley             ;18 923;;;;;;;;;;;
Imperial;Calexico            ;18 633;;;;;;;;;;;
Imperial;Calipatria          ;2 690;;;;;;;;;;;
Imperial;El Centro           ;31 405;;;;;;;;;;;
Imperial;Holtville           ;4 820;;;;;;;;;;;
Imperial;Imperial            ;4 113;;;;;;;;;;;
Imperial;Westmorland         ;1 380;;;;;;;;;;;
Imperial;Balance Of County    ;27 339;;;;;;;;;;;
;;;;;;;;;;;;;
;;;;;;;;;;;;;
Inyo;Bishop              ;3 475;;;;;;;;;;;
Inyo;Balance Of County    ;14 806;;;;;;;;;;;
;;;;;;;;;;;;;
;;;;;;;;;;;;;
Kern;Arvin               ;9 286;;;;;;;;;;;
Kern;Bakersfield         ;174 978;;;;;;;;;;;
Kern;California City     ;5 955;;;;;;;;;;;
Kern;Delano              ;22 762;;;;;;;;;;;
Kern;Maricopa            ;1 193;;;;;;;;;;;
Kern;Mcfarland           ;7 005;;;;;;;;;;;
Kern;Ridgecrest          ;28 295;;;;;;;;;;;
Kern;Shafter             ;8 409;;;;;;;;;;;
Kern;Taft                ;5 902;;;;;;;;;;;
Kern;Tehachapi           ;6 182;;;;;;;;;;;
Kern;Wasco               ;12 412;;;;;;;;;;;
Kern;Balance Of County    ;262 602;;;;;;;;;;;
;;;;;;;;;;;;;
;;;;;;;;;;;;;
Kings;Avenal              ;9 770;;;;;;;;;;;
Kings;Corcoran            ;13 360;;;;;;;;;;;
Kings;Hanford             ;30 463;;;;;;;;;;;
Kings;Lemoore             ;13 622;;;;;;;;;;;
Kings;Balance Of County    ;34 254;;;;;;;;;;;
;;;;;;;;;;;;;
;;;;;;;;;;;;;
Lake;Clearlake           ;11 804;;;;;;;;;;;
Lake;Lakeport            ;4 390;;;;;;;;;;;
Lake;Balance Of County    ;34 437;;;;;;;;;;;
;;;;;;;;;;;;;
;;;;;;;;;;;;;
Lassen;Susanville          ;7 279;;;;;;;;;;;
Lassen;Balance Of County    ;20 319;;;;;;;;;;;
;;;;;;;;;;;;;
;;;;;;;;;;;;;
Los Angeles;Agoura Hills        ;20 385;;;;;;;;;;;
Los Angeles;Alhambra            ;82 087;;;;;;;;;;;
Los Angeles;Arcadia             ;48 284;;;;;;;;;;;
Los Angeles;Artesia             ;15 464;;;;;;;;;;;
Los Angeles;Avalon              ;2 918;;;;;;;;;;;
Los Angeles;Azusa               ;41 203;;;;;;;;;;;
Los Angeles;Baldwin Park        ;69 330;;;;;;;;;;;
Los Angeles;Bell                ;34 365;;;;;;;;;;;
Los Angeles;Bellflower          ;61 815;;;;;;;;;;;
Los Angeles;Bell Gardens        ;42 315;;;;;;;;;;;
Los Angeles;Beverly Hills       ;31 971;;;;;;;;;;;
Los Angeles;Bradbury            ;829;;;;;;;;;;;
Los Angeles;Burbank             ;93 649;;;;;;;;;;;
Los Angeles;Calabasas           ;*;;;;;;;;;;;
Los Angeles;Carson              ;83 995;;;;;;;;;;;
Los Angeles;Cerritos            ;53 244;;;;;;;;;;;
Los Angeles;Claremont           ;32 610;;;;;;;;;;;
Los Angeles;Commerce            ;12 135;;;;;;;;;;;
Los Angeles;Compton             ;90 454;;;;;;;;;;;
Los Angeles;Covina              ;43 332;;;;;;;;;;;
Los Angeles;Cudahy              ;22 817;;;;;;;;;;;
Los Angeles;Culver City         ;38 793;;;;;;;;;;;
Los Angeles;Diamond Bar         ;53 672;;;;;;;;;;;
Los Angeles;Downey              ;91 444;;;;;;;;;;;
Los Angeles;Duarte              ;20 716;;;;;;;;;;;
Los Angeles;El Monte            ;106 162;;;;;;;;;;;
Los Angeles;El Segundo          ;15 223;;;;;;;;;;;
Los Angeles;Gardena             ;49 841;;;;;;;;;;;
Los Angeles;Glendale            ;180 038;;;;;;;;;;;
Los Angeles;Glendora            ;47 832;;;;;;;;;;;
Los Angeles;Hawaiian Gardens    ;13 639;;;;;;;;;;;
Los Angeles;Hawthorne           ;71 349;;;;;;;;;;;
Los Angeles;Hermosa Beach       ;18 219;;;;;;;;;;;
Los Angeles;Hidden Hills        ;1 729;;;;;;;;;;;
Los Angeles;Huntington Park     ;56 129;;;;;;;;;;;
Los Angeles;Industry            ;631;;;;;;;;;;;
Los Angeles;Inglewood           ;109 602;;;;;;;;;;;
Los Angeles;Irwindale           ;1 050;;;;;;;;;;;
Los Angeles;La Canada Flintridge;19 378;;;;;;;;;;;
Los Angeles;La Habra Heights    ;6 226;;;;;;;;;;;
Los Angeles;Lakewood            ;73 553;;;;;;;;;;;
Los Angeles;La Mirada           ;40 452;;;;;;;;;;;
Los Angeles;Lancaster           ;97 300;;;;;;;;;;;
Los Angeles;La Puente           ;36 955;;;;;;;;;;;
Los Angeles;La Verne            ;30 843;;;;;;;;;;;
Los Angeles;Lawndale            ;27 331;;;;;;;;;;;
Los Angeles;Lomita              ;19 442;;;;;;;;;;;
Los Angeles;Long Beach          ;429 321;;;;;;;;;;;
Los Angeles;Los Angeles         ;3 485 557;;;;;;;;;;;
Los Angeles;Lynwood             ;61 945;;;;;;;;;;;
Los Angeles;Malibu              ;*;;;;;;;;;;;
Los Angeles;Manhattan Beach     ;32 063;;;;;;;;;;;
Los Angeles;Maywood             ;27 893;;;;;;;;;;;
Los Angeles;Monrovia            ;35 733;;;;;;;;;;;
Los Angeles;Montebello          ;59 564;;;;;;;;;;;
Los Angeles;Monterey Park       ;60 738;;;;;;;;;;;
Los Angeles;Norwalk             ;94 279;;;;;;;;;;;
Los Angeles;Palmdale            ;68 946;;;;;;;;;;;
Los Angeles;Palos Verdes Estates;13 512;;;;;;;;;;;
Los Angeles;Paramount           ;47 669;;;;;;;;;;;
Los Angeles;Pasadena            ;131 586;;;;;;;;;;;
Los Angeles;Pico Rivera         ;59 177;;;;;;;;;;;
Los Angeles;Pomona              ;131 700;;;;;;;;;;;
Los Angeles;Rancho Palos Verdes ;41 667;;;;;;;;;;;
Los Angeles;Redondo Beach       ;60 167;;;;;;;;;;;
Los Angeles;Rolling Hills       ;1 871;;;;;;;;;;;
Los Angeles;Rolling Hills Estates;7 789;;;;;;;;;;;
Los Angeles;Rosemead            ;51 638;;;;;;;;;;;
Los Angeles;San Dimas           ;32 398;;;;;;;;;;;
Los Angeles;San Fernando        ;22 580;;;;;;;;;;;
Los Angeles;San Gabriel         ;37 120;;;;;;;;;;;
Los Angeles;San Marino          ;12 959;;;;;;;;;;;
Los Angeles;Santa Clarita       ;110 690;;;;;;;;;;;
Los Angeles;Santa Fe Springs    ;15 520;;;;;;;;;;;
Los Angeles;Santa Monica        ;86 905;;;;;;;;;;;
Los Angeles;Sierra Madre        ;10 762;;;;;;;;;;;
Los Angeles;Signal Hill         ;8 371;;;;;;;;;;;
Los Angeles;South El Monte      ;20 850;;;;;;;;;;;
Los Angeles;South Gate          ;86 284;;;;;;;;;;;
Los Angeles;South Pasadena      ;23 936;;;;;;;;;;;
Los Angeles;Temple City         ;31 153;;;;;;;;;;;
Los Angeles;Torrance            ;133 107;;;;;;;;;;;
Los Angeles;Vernon              ;82;;;;;;;;;;;
Los Angeles;Walnut              ;29 105;;;;;;;;;;;
Los Angeles;West Covina         ;96 226;;;;;;;;;;;
Los Angeles;West Hollywood      ;36 118;;;;;;;;;;;
Los Angeles;Westlake Village    ;7 455;;;;;;;;;;;
Los Angeles;Whittier            ;77 671;;;;;;;;;;;
Los Angeles;Total (Los Angeles);970 194;;;;;;;;;;;
;;;;;;;;;;;;;
;;;;;;;;;;;;;
Madera;Chowchilla          ;5 930;;;;;;;;;;;
Madera;Madera              ;29 283;;;;;;;;;;;
Madera;Balance Of County    ;52 877;;;;;;;;;;;
;;;;;;;;;;;;;
;;;;;;;;;;;;;
Marin;Belvedere           ;2 147;;;;;;;;;;;
Marin;Corte Madera        ;8 272;;;;;;;;;;;
Marin;Fairfax             ;6 931;;;;;;;;;;;
Marin;Larkspur            ;11 068;;;;;;;;;;;
Marin;Mill Valley         ;13 029;;;;;;;;;;;
Marin;Novato              ;47 585;;;;;;;;;;;
Marin;Ross                ;2 136;;;;;;;;;;;
Marin;San Anselmo         ;11 735;;;;;;;;;;;
Marin;San Rafael          ;48 410;;;;;;;;;;;
Marin;Sausalito           ;7 152;;;;;;;;;;;
Marin;Tiburon             ;7 554;;;;;;;;;;;
Marin;Balance Of County    ;64 077;;;;;;;;;;;
;;;;;;;;;;;;;
;;;;;;;;;;;;;
Mariposa;Balance Of County    ;14 302;;;;;;;;;;;
;;;;;;;;;;;;;
;;;;;;;;;;;;;
Mendocino;Fort Bragg          ;6 078;;;;;;;;;;;
Mendocino;Point Arena         ;407;;;;;;;;;;;
Mendocino;Ukiah               ;14 632;;;;;;;;;;;
Mendocino;Willits             ;5 027;;;;;;;;;;;
Mendocino;Balance Of County    ;54 201;;;;;;;;;;;
;;;;;;;;;;;;;
;;;;;;;;;;;;;
Merced;Atwater             ;22 282;;;;;;;;;;;
Merced;Dos Palos           ;4 196;;;;;;;;;;;
Merced;Gustine             ;3 931;;;;;;;;;;;
Merced;Livingston          ;7 317;;;;;;;;;;;
Merced;Los Banos           ;14 519;;;;;;;;;;;
Merced;Merced              ;56 155;;;;;;;;;;;
Merced;Balance Of County    ;70 003;;;;;;;;;;;
;;;;;;;;;;;;;
;;;;;;;;;;;;;
Modoc;Alturas             ;3 231;;;;;;;;;;;
Modoc;Balance Of County    ;6 447;;;;;;;;;;;
;;;;;;;;;;;;;
;;;;;;;;;;;;;
Mono;Mammoth Lakes       ;4 785;;;;;;;;;;;
Mono;Balance Of County    ;5 171;;;;;;;;;;;
;;;;;;;;;;;;;
;;;;;;;;;;;;;
Monterey;Carmel-By-The-Sea   ;4 241;;;;;;;;;;;
Monterey;Del Rey Oaks        ;1 661;;;;;;;;;;;
Monterey;Gonzales            ;4 660;;;;;;;;;;;
Monterey;Greenfield          ;7 464;;;;;;;;;;;
Monterey;King City           ;7 634;;;;;;;;;;;
Monterey;Marina              ;26 512;;;;;;;;;;;
Monterey;Monterey            ;31 954;;;;;;;;;;;
Monterey;Pacific Grove       ;16 117;;;;;;;;;;;
Monterey;Salinas             ;108 777;;;;;;;;;;;
Monterey;Sand City           ;192;;;;;;;;;;;
Monterey;Seaside             ;38 826;;;;;;;;;;;
Monterey;Soledad             ;7 161;;;;;;;;;;;
Monterey;Balance Of County    ;100 461;;;;;;;;;;;
;;;;;;;;;;;;;
;;;;;;;;;;;;;
Napa;American Canyon     ;*;;;;;;;;;;;
Napa;Calistoga           ;4 468;;;;;;;;;;;
Napa;Napa                ;61 865;;;;;;;;;;;
Napa;St Helena           ;4 990;;;;;;;;;;;
Napa;Yountville          ;3 259;;;;;;;;;;;
Napa;Balance Of County    ;36 183;;;;;;;;;;;
;;;;;;;;;;;;;
;;;;;;;;;;;;;
Nevada;Grass Valley        ;9 048;;;;;;;;;;;
Nevada;Nevada City         ;2 855;;;;;;;;;;;
Nevada;Truckee             ;*;;;;;;;;;;;
Nevada;Balance Of County    ;66 607;;;;;;;;;;;
;;;;;;;;;;;;;
;;;;;;;;;;;;;
Orange;Anaheim             ;266 406;;;;;;;;;;;
Orange;Brea                ;32 873;;;;;;;;;;;
Orange;Buena Park          ;68 784;;;;;;;;;;;
Orange;Costa Mesa          ;96 357;;;;;;;;;;;
Orange;Cypress             ;42 655;;;;;;;;;;;
Orange;Dana Point          ;31 896;;;;;;;;;;;
Orange;Fountain Valley     ;53 691;;;;;;;;;;;
Orange;Fullerton           ;114 144;;;;;;;;;;;
Orange;Garden Grove        ;142 965;;;;;;;;;;;
Orange;Huntington Beach    ;181 519;;;;;;;;;;;
Orange;Irvine              ;110 330;;;;;;;;;;;
Orange;Laguna Beach        ;23 170;;;;;;;;;;;
Orange;Laguna Hills        ;*;;;;;;;;;;;
Orange;Laguna Niguel       ;44 723;;;;;;;;;;;
Orange;Laguna Woods;*;;;;;;;;;;;
Orange;La Habra            ;51 266;;;;;;;;;;;
Orange;Lake Forest         ;*;;;;;;;;;;;
Orange;La Palma            ;15 392;;;;;;;;;;;
Orange;Los Alamitos        ;11 788;;;;;;;;;;;
Orange;Mission Viejo       ;72 820;;;;;;;;;;;
Orange;Newport Beach       ;66 643;;;;;;;;;;;
Orange;Orange              ;110 658;;;;;;;;;;;
Orange;Placentia           ;41 259;;;;;;;;;;;
Orange;Rancho Santa Margarita;*;;;;;;;;;;;
Orange;San Clemente        ;41 100;;;;;;;;;;;
Orange;San Juan Capistrano ;26 183;;;;;;;;;;;
Orange;Santa Ana           ;293 827;;;;;;;;;;;
Orange;Seal Beach          ;25 098;;;;;;;;;;;
Orange;Stanton             ;30 491;;;;;;;;;;;
Orange;Tustin              ;50 689;;;;;;;;;;;
Orange;Villa Park          ;6 299;;;;;;;;;;;
Orange;Westminster         ;78 293;;;;;;;;;;;
Orange;Yorba Linda         ;52 422;;;;;;;;;;;
Orange;Balance Of County    ;226 927;;;;;;;;;;;
;;;;;;;;;;;;;
;;;;;;;;;;;;;
Placer;Auburn              ;10 653;;;;;;;;;;;
Placer;Colfax              ;1 306;;;;;;;;;;;
Placer;Lincoln             ;7 248;;;;;;;;;;;
Placer;Loomis              ;5 705;;;;;;;;;;;
Placer;Rocklin             ;18 806;;;;;;;;;;;
Placer;Roseville           ;44 685;;;;;;;;;;;
Placer;Balance Of County    ;84 393;;;;;;;;;;;
;;;;;;;;;;;;;
;;;;;;;;;;;;;
Plumas;Portola             ;2 193;;;;;;;;;;;
Plumas;Balance Of County    ;17 546;;;;;;;;;;;
;;;;;;;;;;;;;
;;;;;;;;;;;;;
Riverside;Banning             ;20 572;;;;;;;;;;;
Riverside;Beaumont            ;9 685;;;;;;;;;;;
Riverside;Blythe              ;8 448;;;;;;;;;;;
Riverside;Calimesa            ;*;;;;;;;;;;;
Riverside;Canyon Lake         ;*;;;;;;;;;;;
Riverside;Cathedral City      ;30 085;;;;;;;;;;;
Riverside;Coachella           ;16 896;;;;;;;;;;;
Riverside;Corona              ;75 943;;;;;;;;;;;
Riverside;Desert Hot Springs  ;11 668;;;;;;;;;;;
Riverside;Hemet               ;36 094;;;;;;;;;;;
Riverside;Indian Wells        ;2 647;;;;;;;;;;;
Riverside;Indio               ;36 850;;;;;;;;;;;
Riverside;Lake Elsinore       ;18 316;;;;;;;;;;;
Riverside;La Quinta           ;11 215;;;;;;;;;;;
Riverside;Moreno Valley       ;118 779;;;;;;;;;;;
Riverside;Murrieta            ;*;;;;;;;;;;;
Riverside;Norco               ;23 302;;;;;;;;;;;
Riverside;Palm Desert         ;23 252;;;;;;;;;;;
Riverside;Palm Springs        ;40 144;;;;;;;;;;;
Riverside;Perris              ;21 500;;;;;;;;;;;
Riverside;Rancho Mirage       ;9 778;;;;;;;;;;;
Riverside;Riverside           ;226 546;;;;;;;;;;;
Riverside;San Jacinto         ;16 210;;;;;;;;;;;
Riverside;Temecula            ;27 099;;;;;;;;;;;
Riverside;Balance Of County    ;385 384;;;;;;;;;;;
;;;;;;;;;;;;;
;;;;;;;;;;;;;
Sacramento;Citrus Heights;*;;;;;;;;;;;
Sacramento;Folsom              ;29 802;;;;;;;;;;;
Sacramento;Galt                ;8 889;;;;;;;;;;;
Sacramento;Isleton             ;833;;;;;;;;;;;
Sacramento;Sacramento          ;369 365;;;;;;;;;;;
Sacramento;Balance Of County    ;632 330;;;;;;;;;;;
;;;;;;;;;;;;;
;;;;;;;;;;;;;
San Benito;Hollister           ;19 318;;;;;;;;;;;
San Benito;San Juan Bautista   ;1 570;;;;;;;;;;;
San Benito;Balance Of County    ;15 809;;;;;;;;;;;
;;;;;;;;;;;;;
;;;;;;;;;;;;;
San Bernardino;Adelanto            ;6 791;;;;;;;;;;;
San Bernardino;Apple Valley        ;46 079;;;;;;;;;;;
San Bernardino;Barstow             ;21 472;;;;;;;;;;;
San Bernardino;Big Bear Lake       ;5 351;;;;;;;;;;;
San Bernardino;Chino               ;59 682;;;;;;;;;;;
San Bernardino;Chino Hills         ;*;;;;;;;;;;;
San Bernardino;Colton              ;40 273;;;;;;;;;;;
San Bernardino;Fontana             ;87 535;;;;;;;;;;;
San Bernardino;Grand Terrace       ;10 946;;;;;;;;;;;
San Bernardino;Hesperia            ;50 418;;;;;;;;;;;
San Bernardino;Highland            ;34 439;;;;;;;;;;;
San Bernardino;Loma Linda          ;18 470;;;;;;;;;;;
San Bernardino;Montclair           ;28 434;;;;;;;;;;;
San Bernardino;Needles             ;5 191;;;;;;;;;;;
San Bernardino;Ontario             ;133 179;;;;;;;;;;;
San Bernardino;Rancho Cucamonga    ;101 409;;;;;;;;;;;
San Bernardino;Redlands            ;60 395;;;;;;;;;;;
San Bernardino;Rialto              ;72 395;;;;;;;;;;;
San Bernardino;San Bernardino      ;164 676;;;;;;;;;;;
San Bernardino;Twentynine Palms    ;11 821;;;;;;;;;;;
San Bernardino;Upland              ;63 374;;;;;;;;;;;
San Bernardino;Victorville         ;40 674;;;;;;;;;;;
San Bernardino;Yucaipa             ;32 819;;;;;;;;;;;
San Bernardino;Yucca Valley        ;*;;;;;;;;;;;
San Bernardino;Balance Of County    ;322 557;;;;;;;;;;;
;;;;;;;;;;;;;
;;;;;;;;;;;;;
San Diego;Carlsbad            ;63 292;;;;;;;;;;;
San Diego;Chula Vista         ;135 160;;;;;;;;;;;
San Diego;Coronado            ;26 540;;;;;;;;;;;
San Diego;Del Mar             ;4 860;;;;;;;;;;;
San Diego;El Cajon            ;88 918;;;;;;;;;;;
San Diego;Encinitas           ;55 406;;;;;;;;;;;
San Diego;Escondido           ;108 648;;;;;;;;;;;
San Diego;Imperial Beach      ;26 512;;;;;;;;;;;
San Diego;La Mesa             ;52 911;;;;;;;;;;;
San Diego;Lemon Grove         ;23 984;;;;;;;;;;;
San Diego;National City       ;54 249;;;;;;;;;;;
San Diego;Oceanside           ;128 090;;;;;;;;;;;
San Diego;Poway               ;43 396;;;;;;;;;;;
San Diego;San Diego           ;1 110 623;;;;;;;;;;;
San Diego;San Marcos          ;38 974;;;;;;;;;;;
San Diego;Santee              ;52 902;;;;;;;;;;;
San Diego;Solana Beach        ;12 968;;;;;;;;;;;
San Diego;Vista               ;71 861;;;;;;;;;;;
San Diego;Balance Of County    ;398 722;;;;;;;;;;;
;;;;;;;;;;;;;
;;;;;;;;;;;;;
San Francisco;San Francisco       ;723 959;;;;;;;;;;;
;;;;;;;;;;;;;
;;;;;;;;;;;;;
San Joaquin;Escalon             ;4 437;;;;;;;;;;;
San Joaquin;Lathrop             ;6 841;;;;;;;;;;;
San Joaquin;Lodi                ;51 874;;;;;;;;;;;
San Joaquin;Manteca             ;40 773;;;;;;;;;;;
San Joaquin;Ripon               ;7 455;;;;;;;;;;;
San Joaquin;Stockton            ;210 943;;;;;;;;;;;
San Joaquin;Tracy               ;33 558;;;;;;;;;;;
San Joaquin;Balance Of County    ;124 747;;;;;;;;;;;
;;;;;;;;;;;;;
;;;;;;;;;;;;;
San Luis Obispo;Arroyo Grande       ;14 432;;;;;;;;;;;
San Luis Obispo;Atascadero          ;23 138;;;;;;;;;;;
San Luis Obispo;El Paso De Robles   ;18 583;;;;;;;;;;;
San Luis Obispo;Grover Beach        ;11 602;;;;;;;;;;;
San Luis Obispo;Morro Bay           ;9 664;;;;;;;;;;;
San Luis Obispo;Pismo Beach         ;7 669;;;;;;;;;;;
San Luis Obispo;San Luis Obispo     ;41 958;;;;;;;;;;;
San Luis Obispo;Balance Of County    ;90 116;;;;;;;;;;;
;;;;;;;;;;;;;
;;;;;;;;;;;;;
San Mateo;Atherton            ;7 163;;;;;;;;;;;
San Mateo;Belmont             ;24 165;;;;;;;;;;;
San Mateo;Brisbane            ;2 952;;;;;;;;;;;
San Mateo;Burlingame          ;26 666;;;;;;;;;;;
San Mateo;Colma               ;1 103;;;;;;;;;;;
San Mateo;Daly City           ;92 088;;;;;;;;;;;
San Mateo;East Palo Alto      ;23 451;;;;;;;;;;;
San Mateo;Foster City         ;28 176;;;;;;;;;;;
San Mateo;Half Moon Bay       ;8 886;;;;;;;;;;;
San Mateo;Hillsborough        ;10 667;;;;;;;;;;;
San Mateo;Menlo Park          ;28 403;;;;;;;;;;;
San Mateo;Millbrae            ;20 414;;;;;;;;;;;
San Mateo;Pacifica            ;37 670;;;;;;;;;;;
San Mateo;Portola Valley      ;4 195;;;;;;;;;;;
San Mateo;Redwood City        ;66 072;;;;;;;;;;;
San Mateo;San Bruno           ;38 961;;;;;;;;;;;
San Mateo;San Carlos          ;26 382;;;;;;;;;;;
San Mateo;San Mateo           ;85 619;;;;;;;;;;;
San Mateo;South San Francisco ;54 312;;;;;;;;;;;
San Mateo;Woodside            ;5 034;;;;;;;;;;;
San Mateo;Balance Of County    ;57 244;;;;;;;;;;;
;;;;;;;;;;;;;
;;;;;;;;;;;;;
Santa Barbara;Buellton            ;*;;;;;;;;;;;
Santa Barbara;Carpinteria         ;13 747;;;;;;;;;;;
Santa Barbara;Guadalupe           ;5 479;;;;;;;;;;;
Santa Barbara;Lompoc              ;37 649;;;;;;;;;;;
Santa Barbara;Santa Barbara       ;85 571;;;;;;;;;;;
Santa Barbara;Santa Maria         ;61 552;;;;;;;;;;;
Santa Barbara;Solvang             ;4 741;;;;;;;;;;;
Santa Barbara;Balance Of County    ;160 869;;;;;;;;;;;
;;;;;;;;;;;;;
;;;;;;;;;;;;;
Santa Clara;Campbell            ;36 088;;;;;;;;;;;
Santa Clara;Cupertino           ;39 967;;;;;;;;;;;
Santa Clara;Gilroy              ;31 487;;;;;;;;;;;
Santa Clara;Los Altos           ;26 599;;;;;;;;;;;
Santa Clara;Los Altos Hills     ;7 514;;;;;;;;;;;
Santa Clara;Los Gatos           ;27 357;;;;;;;;;;;
Santa Clara;Milpitas            ;50 690;;;;;;;;;;;
Santa Clara;Monte Sereno        ;3 287;;;;;;;;;;;
Santa Clara;Morgan Hill         ;23 928;;;;;;;;;;;
Santa Clara;Mountain View       ;67 365;;;;;;;;;;;
Santa Clara;Palo Alto           ;55 900;;;;;;;;;;;
Santa Clara;San Jose            ;782 224;;;;;;;;;;;
Santa Clara;Santa Clara         ;93 613;;;;;;;;;;;
Santa Clara;Saratoga            ;28 061;;;;;;;;;;;
Santa Clara;Sunnyvale           ;117 324;;;;;;;;;;;
Santa Clara;Balance Of County    ;106 173;;;;;;;;;;;
;;;;;;;;;;;;;
;;;;;;;;;;;;;
Santa Cruz;Capitola            ;10 171;;;;;;;;;;;
Santa Cruz;Santa Cruz          ;49 711;;;;;;;;;;;
Santa Cruz;Scotts Valley       ;8 667;;;;;;;;;;;
Santa Cruz;Watsonville         ;31 099;;;;;;;;;;;
Santa Cruz;Balance Of County    ;130 086;;;;;;;;;;;
;;;;;;;;;;;;;
;;;;;;;;;;;;;
Shasta;Anderson            ;8 299;;;;;;;;;;;
Shasta;Redding             ;66 462;;;;;;;;;;;
Shasta;Shasta Lake         ;*;;;;;;;;;;;
Shasta;Balance Of County    ;72 275;;;;;;;;;;;
;;;;;;;;;;;;;
;;;;;;;;;;;;;
Sierra;Loyalton            ;931;;;;;;;;;;;
Sierra;Balance Of County    ;2 387;;;;;;;;;;;
;;;;;;;;;;;;;
;;;;;;;;;;;;;
Siskiyou;Dorris              ;892;;;;;;;;;;;
Siskiyou;Dunsmuir            ;2 129;;;;;;;;;;;
Siskiyou;Etna                ;835;;;;;;;;;;;
Siskiyou;Fort Jones          ;639;;;;;;;;;;;
Siskiyou;Montague            ;1 415;;;;;;;;;;;
Siskiyou;Mount Shasta        ;3 460;;;;;;;;;;;
Siskiyou;Tulelake            ;1 010;;;;;;;;;;;
Siskiyou;Weed                ;3 062;;;;;;;;;;;
Siskiyou;Yreka               ;6 948;;;;;;;;;;;
Siskiyou;Balance Of County    ;23 141;;;;;;;;;;;
;;;;;;;;;;;;;
;;;;;;;;;;;;;
Solano;Benicia             ;24 437;;;;;;;;;;;
Solano;Dixon               ;10 417;;;;;;;;;;;
Solano;Fairfield           ;78 650;;;;;;;;;;;
Solano;Rio Vista           ;3 316;;;;;;;;;;;
Solano;Suisun City         ;22 704;;;;;;;;;;;
Solano;Vacaville           ;71 476;;;;;;;;;;;
Solano;Vallejo             ;109 199;;;;;;;;;;;
Solano;Balance Of County    ;19 272;;;;;;;;;;;
;;;;;;;;;;;;;
;;;;;;;;;;;;;
Sonoma;Cloverdale          ;4 924;;;;;;;;;;;
Sonoma;Cotati              ;5 714;;;;;;;;;;;
Sonoma;Healdsburg          ;9 469;;;;;;;;;;;
Sonoma;Petaluma            ;43 166;;;;;;;;;;;
Sonoma;Rohnert Park        ;36 326;;;;;;;;;;;
Sonoma;Santa Rosa          ;113 261;;;;;;;;;;;
Sonoma;Sebastopol          ;7 008;;;;;;;;;;;
Sonoma;Sonoma              ;8 168;;;;;;;;;;;
Sonoma;Windsor             ;*;;;;;;;;;;;
Sonoma;Balance Of County    ;160 186;;;;;;;;;;;
;;;;;;;;;;;;;
;;;;;;;;;;;;;
Stanislaus;Ceres               ;26 413;;;;;;;;;;;
Stanislaus;Hughson             ;3 259;;;;;;;;;;;
Stanislaus;Modesto             ;164 746;;;;;;;;;;;
Stanislaus;Newman              ;4 158;;;;;;;;;;;
Stanislaus;Oakdale             ;11 978;;;;;;;;;;;
Stanislaus;Patterson           ;8 626;;;;;;;;;;;
Stanislaus;Riverbank           ;8 591;;;;;;;;;;;
Stanislaus;Turlock             ;42 224;;;;;;;;;;;
Stanislaus;Waterford           ;4 771;;;;;;;;;;;
Stanislaus;Balance Of County    ;95 756;;;;;;;;;;;
;;;;;;;;;;;;;
;;;;;;;;;;;;;
Sutter;Live Oak            ;4 320;;;;;;;;;;;
Sutter;Yuba City           ;27 385;;;;;;;;;;;
Sutter;Balance Of County    ;32 710;;;;;;;;;;;
;;;;;;;;;;;;;
;;;;;;;;;;;;;
Tehama;Corning             ;5 870;;;;;;;;;;;
Tehama;Red Bluff           ;12 363;;;;;;;;;;;
Tehama;Tehama              ;401;;;;;;;;;;;
Tehama;Balance Of County    ;30 991;;;;;;;;;;;
;;;;;;;;;;;;;
;;;;;;;;;;;;;
Trinity;Balance Of County    ;13 063;;;;;;;;;;;
;;;;;;;;;;;;;
;;;;;;;;;;;;;
Tulare;Dinuba              ;12 743;;;;;;;;;;;
Tulare;Exeter              ;7 276;;;;;;;;;;;
Tulare;Farmersville        ;6 235;;;;;;;;;;;
Tulare;Lindsay             ;8 338;;;;;;;;;;;
Tulare;Porterville         ;29 521;;;;;;;;;;;
Tulare;Tulare              ;33 249;;;;;;;;;;;
Tulare;Visalia             ;75 659;;;;;;;;;;;
Tulare;Woodlake            ;5 678;;;;;;;;;;;
Tulare;Balance Of County    ;133 222;;;;;;;;;;;
;;;;;;;;;;;;;
;;;;;;;;;;;;;
Tuolumne;Sonora              ;4 153;;;;;;;;;;;
Tuolumne;Balance Of County    ;44 303;;;;;;;;;;;
;;;;;;;;;;;;;
;;;;;;;;;;;;;
Ventura;Camarillo           ;52 297;;;;;;;;;;;
Ventura;Fillmore            ;11 992;;;;;;;;;;;
Ventura;Moorpark            ;25 494;;;;;;;;;;;
Ventura;Ojai                ;7 613;;;;;;;;;;;
Ventura;Oxnard              ;142 560;;;;;;;;;;;
Ventura;Port Hueneme        ;20 322;;;;;;;;;;;
Ventura;San Buenaventura    ;92 557;;;;;;;;;;;
Ventura;Santa Paula         ;25 062;;;;;;;;;;;
Ventura;Simi Valley         ;100 218;;;;;;;;;;;
Ventura;Thousand Oaks       ;104 381;;;;;;;;;;;
Ventura;Balance Of County    ;86 520;;;;;;;;;;;
;;;;;;;;;;;;;
;;;;;;;;;;;;;
Yolo;Davis               ;46 322;;;;;;;;;;;
Yolo;West Sacramento     ;28 898;;;;;;;;;;;
Yolo;Winters             ;4 639;;;;;;;;;;;
Yolo;Woodland            ;40 230;;;;;;;;;;;
Yolo;Balance Of County    ;21 121;;;;;;;;;;;
;;;;;;;;;;;;;
;;;;;;;;;;;;;
Yuba;Marysville          ;12 324;;;;;;;;;;;
Yuba;Wheatland           ;1 631;;;;;;;;;;;
Yuba;Balance Of County    ;44 273;;;;;;;;;;;
;;;;;;;;;;;;;
;;;;;;;;;;;;;
;;;;;;;;;;;;;
;;;;;;;;;;;;;
;;;;;;;;;;;;;
;;;;;;;;;;;;;
;;;;;;;;;;;;;
;;;;;;;;;;;;;